1,-4.800,0.000,0.000,0.000,0.000,-0.007,
2,-4.797,-0.000,0.000,-0.000,-0.016,-0.009,
3,-4.791,-0.000,0.000,-0.001,-0.047,-0.006,
4,-4.783,-0.000,0.000,-0.001,-0.083,-0.005,
5,-4.776,-0.000,0.000,-0.002,-0.120,-0.006,
6,-4.769,-0.000,0.000,-0.002,-0.158,-0.007,
7,-4.761,-0.000,0.000,-0.003,-0.197,-0.006,
8,-4.754,-0.000,0.000,-0.003,-0.237,-0.006,
9,-4.746,-0.000,0.000,-0.004,-0.279,-0.006,
10,-4.739,-0.000,0.000,-0.005,-0.321,-0.006,
11,-4.731,-0.000,0.000,-0.005,-0.365,-0.006,
12,-4.724,-0.000,0.000,-0.006,-0.410,-0.006,
13,-4.717,-0.000,0.000,-0.006,-0.458,-0.006,
14,-4.709,-0.000,0.000,-0.007,-0.507,-0.006,
15,-4.702,-0.000,0.000,-0.007,-0.559,-0.006,
16,-4.694,-0.000,0.000,-0.008,-0.613,-0.006,
17,-4.687,-0.000,0.000,-0.008,-0.669,-0.006,
18,-4.679,-0.000,0.000,-0.009,-0.729,-0.006,
19,-4.672,-0.000,0.000,-0.010,-0.792,-0.006,
20,-4.664,-0.000,0.000,-0.010,-0.858,-0.006,
21,-4.657,-0.000,0.000,-0.011,-0.928,-0.006,
22,-4.650,-0.000,0.000,-0.011,-1.002,-0.006,
23,-4.642,-0.000,0.000,-0.012,-1.081,-0.007,
24,-4.635,-0.000,0.000,-0.012,-1.164,-0.007,
25,-4.627,-0.000,0.000,-0.013,-1.252,-0.007,
26,-4.620,-0.000,0.000,-0.014,-1.345,-0.007,
27,-4.612,-0.000,0.000,-0.014,-1.444,-0.007,
28,-4.605,-0.000,0.000,-0.015,-1.550,-0.007,
29,-4.597,-0.000,0.000,-0.015,-1.662,-0.007,
30,-4.590,-0.000,0.000,-0.016,-1.781,-0.007,
31,-4.582,-0.000,0.000,-0.017,-1.907,-0.007,
32,-4.575,-0.000,0.000,-0.016,-2.032,0.003,
33,-4.573,-0.000,0.000,-0.020,-1.993,-0.019,
34,-4.571,-0.000,0.000,-0.032,-1.898,0.004,
35,-4.566,-0.000,0.000,-0.044,-1.826,-0.013,
36,-4.559,-0.000,0.000,-0.055,-1.771,-0.012,
37,-4.552,-0.000,0.000,-0.067,-1.727,-0.006,
38,-4.544,-0.000,0.000,-0.079,-1.692,-0.007,
39,-4.537,-0.000,0.000,-0.090,-1.667,-0.010,
40,-4.529,-0.000,0.000,-0.101,-1.649,-0.010,
41,-4.522,-0.000,0.000,-0.113,-1.639,-0.009,
42,-4.514,-0.000,0.000,-0.124,-1.638,-0.010,
43,-4.507,-0.000,0.000,-0.135,-1.644,-0.010,
44,-4.500,-0.000,0.000,-0.146,-1.658,-0.011,
45,-4.492,-0.000,0.000,-0.157,-1.680,-0.011,
46,-4.485,-0.000,0.000,-0.167,-1.710,-0.011,
47,-4.477,-0.000,0.000,-0.178,-1.747,-0.012,
48,-4.470,-0.000,0.000,-0.189,-1.793,-0.012,
49,-4.462,-0.000,0.000,-0.199,-1.847,-0.013,
50,-4.455,-0.000,0.000,-0.209,-1.909,-0.013,
51,-4.447,-0.000,0.000,-0.220,-1.980,-0.014,
52,-4.441,-0.000,0.000,-0.229,-2.009,0.004,
53,-4.437,-0.000,0.000,-0.240,-1.954,-0.026,
54,-4.431,-0.000,0.000,-0.252,-1.916,-0.015,
55,-4.424,-0.000,0.000,-0.263,-1.891,-0.009,
56,-4.416,-0.001,0.000,-0.275,-1.876,-0.015,
57,-4.409,-0.001,0.000,-0.286,-1.872,-0.018,
58,-4.402,-0.001,0.000,-0.297,-1.877,-0.016,
59,-4.394,-0.001,0.000,-0.309,-1.890,-0.016,
60,-4.387,-0.001,0.000,-0.320,-1.913,-0.017,
61,-4.379,-0.001,0.000,-0.331,-1.944,-0.018,
62,-4.372,-0.001,0.000,-0.342,-1.984,-0.018,
63,-4.365,-0.001,0.000,-0.351,-2.007,-0.007,
64,-4.359,-0.001,0.000,-0.361,-1.978,-0.020,
65,-4.352,-0.001,0.000,-0.371,-1.962,-0.024,
66,-4.345,-0.001,0.000,-0.380,-1.959,-0.019,
67,-4.338,-0.001,0.000,-0.390,-1.965,-0.018,
68,-4.330,-0.001,0.000,-0.400,-1.980,-0.020,
69,-4.323,-0.001,0.000,-0.409,-2.003,-0.019,
70,-4.316,-0.001,0.000,-0.416,-1.995,-0.026,
71,-4.309,-0.001,0.000,-0.422,-1.990,-0.019,
72,-4.302,-0.001,0.000,-0.429,-1.996,-0.019,
73,-4.296,-0.001,0.000,-0.434,-1.997,-0.020,
74,-4.291,-0.001,0.000,-0.439,-1.994,-0.021,
75,-4.286,-0.001,0.000,-0.443,-1.999,-0.021,
76,-4.282,-0.001,0.000,-0.446,-1.997,-0.022,
77,-4.278,-0.001,0.000,-0.448,-1.998,-0.021,
78,-4.273,-0.001,0.000,-0.449,-1.998,-0.021,
79,-4.269,-0.002,0.000,-0.449,-1.998,-0.021,
80,-4.265,-0.002,0.000,-0.448,-1.998,-0.021,
81,-4.261,-0.002,0.000,-0.446,-1.998,-0.021,
82,-4.256,-0.002,0.000,-0.444,-1.998,-0.021,
83,-4.252,-0.002,0.000,-0.440,-1.998,-0.021,
84,-4.248,-0.002,0.000,-0.435,-1.998,-0.021,
85,-4.243,-0.002,0.000,-0.430,-1.998,-0.021,
86,-4.239,-0.002,0.000,-0.423,-1.998,-0.020,
87,-4.235,-0.002,0.000,-0.416,-1.998,-0.020,
88,-4.231,-0.002,0.000,-0.408,-1.998,-0.020,
89,-4.226,-0.002,0.000,-0.398,-1.998,-0.020,
90,-4.222,-0.002,0.000,-0.388,-1.998,-0.019,
91,-4.218,-0.002,0.000,-0.378,-1.998,-0.019,
92,-4.214,-0.002,0.000,-0.366,-1.998,-0.018,
93,-4.209,-0.002,0.000,-0.353,-1.998,-0.018,
94,-4.205,-0.002,0.000,-0.340,-1.998,-0.017,
95,-4.201,-0.002,0.000,-0.326,-1.998,-0.017,
96,-4.197,-0.002,0.000,-0.311,-1.998,-0.016,
97,-4.192,-0.002,0.000,-0.295,-1.998,-0.016,
98,-4.188,-0.002,0.000,-0.278,-1.998,-0.015,
99,-4.184,-0.002,0.000,-0.261,-1.998,-0.015,
100,-4.180,-0.002,0.000,-0.243,-1.998,-0.014,
101,-4.175,-0.002,0.000,-0.224,-1.998,-0.013,
102,-4.171,-0.002,0.000,-0.204,-1.998,-0.013,
103,-4.167,-0.002,0.000,-0.184,-1.998,-0.012,
104,-4.163,-0.002,0.000,-0.163,-1.998,-0.011,
105,-4.158,-0.002,0.000,-0.141,-1.998,-0.010,
106,-4.154,-0.002,0.000,-0.119,-1.998,-0.010,
107,-4.150,-0.002,0.000,-0.096,-1.998,-0.009,
108,-4.146,-0.002,0.000,-0.072,-1.998,-0.008,
109,-4.141,-0.002,0.000,-0.047,-1.998,-0.007,
110,-4.137,-0.002,0.000,-0.022,-1.998,-0.006,
111,-4.133,-0.002,0.000,0.004,-1.998,-0.005,
112,-4.129,-0.002,0.000,0.030,-1.998,-0.005,
113,-4.125,-0.002,0.000,0.057,-1.998,-0.004,
114,-4.120,-0.002,0.000,0.085,-1.998,-0.003,
115,-4.116,-0.002,0.000,0.113,-1.998,-0.002,
116,-4.112,-0.002,0.000,0.142,-1.998,-0.001,
117,-4.108,-0.002,0.000,0.171,-1.998,0.000,
118,-4.103,-0.002,0.000,0.201,-1.998,0.001,
119,-4.099,-0.002,0.000,0.232,-1.998,0.003,
120,-4.095,-0.002,0.000,0.263,-1.998,0.004,
121,-4.091,-0.002,0.000,0.295,-1.998,0.005,
122,-4.087,-0.002,0.000,0.327,-1.998,0.006,
123,-4.082,-0.002,0.000,0.359,-1.998,0.007,
124,-4.078,-0.002,0.000,0.392,-1.998,0.008,
125,-4.074,-0.002,0.000,0.426,-1.998,0.009,
126,-4.070,-0.002,0.000,0.460,-1.998,0.010,
127,-4.065,-0.002,0.000,0.494,-1.998,0.012,
128,-4.061,-0.002,0.000,0.529,-1.998,0.013,
129,-4.057,-0.002,0.000,0.564,-1.998,0.014,
130,-4.053,-0.002,0.000,0.600,-1.998,0.015,
131,-4.049,-0.002,0.000,0.636,-1.998,0.017,
132,-4.044,-0.002,0.000,0.673,-1.998,0.018,
133,-4.040,-0.002,0.000,0.709,-1.998,0.019,
134,-4.036,-0.002,0.000,0.747,-1.998,0.020,
135,-4.032,-0.002,0.000,0.784,-1.998,0.022,
136,-4.028,-0.001,0.000,0.822,-1.998,0.023,
137,-4.023,-0.001,0.000,0.860,-1.998,0.024,
138,-4.019,-0.001,0.000,0.898,-1.998,0.026,
139,-4.015,-0.001,0.000,0.937,-1.998,0.027,
140,-4.011,-0.001,0.000,0.976,-1.998,0.028,
141,-4.007,-0.001,0.000,1.015,-1.998,0.030,
142,-4.003,-0.001,0.000,1.055,-1.998,0.031,
143,-3.998,-0.001,0.000,1.094,-1.998,0.033,
144,-3.994,-0.001,0.000,1.134,-1.998,0.034,
145,-3.990,-0.001,0.000,1.174,-1.997,0.035,
146,-3.986,-0.001,0.000,1.214,-1.997,0.037,
147,-3.982,-0.001,0.000,1.254,-1.997,0.038,
148,-3.978,-0.000,0.000,1.294,-1.997,0.040,
149,-3.973,-0.000,0.000,1.335,-1.997,0.041,
150,-3.969,-0.000,0.000,1.375,-1.997,0.042,
151,-3.965,-0.000,0.000,1.416,-1.997,0.044,
152,-3.961,0.000,0.000,1.456,-1.997,0.045,
153,-3.957,0.000,0.000,1.497,-1.997,0.047,
154,-3.953,0.000,0.000,1.538,-1.997,0.048,
155,-3.948,0.000,0.000,1.578,-1.997,0.049,
156,-3.944,0.000,0.000,1.619,-1.997,0.051,
157,-3.940,0.001,0.000,1.659,-1.997,0.052,
158,-3.936,0.001,0.000,1.699,-1.997,0.054,
159,-3.932,0.001,0.000,1.740,-1.997,0.055,
160,-3.928,0.001,0.000,1.780,-1.997,0.056,
161,-3.923,0.001,0.000,1.820,-1.997,0.058,
162,-3.919,0.001,0.000,1.860,-1.997,0.059,
163,-3.915,0.001,0.000,1.900,-1.997,0.061,
164,-3.911,0.002,0.000,1.939,-1.997,0.062,
165,-3.907,0.002,0.000,1.978,-1.997,0.063,
166,-3.902,0.002,0.000,2.017,-1.997,0.065,
167,-3.898,0.002,0.000,2.056,-1.997,0.066,
168,-3.894,0.002,0.000,2.095,-1.997,0.067,
169,-3.890,0.002,0.000,2.133,-1.997,0.069,
170,-3.885,0.003,0.000,2.171,-1.997,0.070,
171,-3.881,0.003,0.000,2.208,-1.997,0.071,
172,-3.877,0.003,0.000,2.246,-1.996,0.073,
173,-3.873,0.003,0.000,2.282,-1.996,0.074,
174,-3.868,0.003,0.000,2.319,-1.996,0.075,
175,-3.864,0.004,0.000,2.355,-1.996,0.077,
176,-3.860,0.004,0.000,2.390,-1.996,0.078,
177,-3.855,0.004,0.000,2.426,-1.996,0.079,
178,-3.851,0.004,0.000,2.460,-1.996,0.080,
179,-3.847,0.004,0.000,2.494,-1.996,0.081,
180,-3.843,0.005,0.000,2.528,-1.996,0.083,
181,-3.838,0.005,0.000,2.561,-1.996,0.084,
182,-3.834,0.005,0.000,2.594,-1.996,0.085,
183,-3.828,0.005,0.000,2.627,-1.998,0.088,
184,-3.822,0.006,0.000,2.661,-1.995,0.086,
185,-3.815,0.006,0.000,2.695,-1.997,0.089,
186,-3.808,0.006,0.000,2.731,-1.995,0.089,
187,-3.802,0.007,0.000,2.765,-1.993,0.090,
188,-3.797,0.007,0.000,2.799,-1.996,0.091,
189,-3.792,0.007,0.000,2.831,-1.996,0.093,
190,-3.788,0.007,0.000,2.863,-1.995,0.094,
191,-3.784,0.008,0.000,2.895,-1.996,0.096,
192,-3.779,0.008,0.000,2.925,-1.995,0.096,
193,-3.775,0.008,0.000,2.955,-1.996,0.098,
194,-3.771,0.008,0.000,2.984,-1.995,0.098,
195,-3.766,0.009,0.000,3.012,-1.996,0.100,
196,-3.761,0.009,0.000,3.040,-1.997,0.102,
197,-3.754,0.009,0.000,3.070,-1.995,0.101,
198,-3.747,0.010,0.000,3.100,-1.996,0.103,
199,-3.740,0.010,0.000,3.131,-1.995,0.103,
200,-3.734,0.010,0.000,3.161,-1.993,0.104,
201,-3.729,0.011,0.000,3.190,-1.995,0.105,
202,-3.725,0.011,0.000,3.218,-1.995,0.107,
203,-3.721,0.011,0.000,3.244,-1.994,0.107,
204,-3.716,0.011,0.000,3.270,-1.995,0.109,
205,-3.712,0.012,0.000,3.295,-1.994,0.109,
206,-3.708,0.012,0.000,3.319,-1.995,0.110,
207,-3.704,0.012,0.000,3.342,-1.994,0.111,
208,-3.699,0.013,0.000,3.364,-1.995,0.112,
209,-3.695,0.013,0.000,3.385,-1.994,0.112,
210,-3.691,0.013,0.000,3.405,-1.995,0.113,
211,-3.687,0.013,0.000,3.424,-1.994,0.114,
212,-3.682,0.014,0.000,3.442,-1.995,0.114,
213,-3.678,0.014,0.000,3.459,-1.994,0.115,
214,-3.674,0.014,0.000,3.475,-1.994,0.116,
215,-3.669,0.015,0.000,3.490,-1.994,0.116,
216,-3.665,0.015,0.000,3.504,-1.994,0.117,
217,-3.661,0.015,0.000,3.517,-1.994,0.117,
218,-3.657,0.015,0.000,3.529,-1.994,0.117,
219,-3.652,0.016,0.000,3.540,-1.994,0.118,
220,-3.648,0.016,0.000,3.550,-1.994,0.118,
221,-3.644,0.016,0.000,3.559,-1.994,0.118,
222,-3.638,0.017,0.000,3.568,-1.996,0.121,
223,-3.632,0.017,0.000,3.579,-1.994,0.118,
224,-3.626,0.018,0.000,3.588,-1.993,0.119,
225,-3.621,0.018,0.000,3.597,-1.995,0.120,
226,-3.617,0.018,0.000,3.604,-1.994,0.119,
227,-3.612,0.018,0.000,3.610,-1.995,0.121,
228,-3.608,0.019,0.000,3.615,-1.994,0.120,
229,-3.604,0.019,0.000,3.619,-1.994,0.121,
230,-3.599,0.019,0.000,3.621,-1.994,0.121,
231,-3.595,0.020,0.000,3.623,-1.994,0.121,
232,-3.591,0.020,0.000,3.623,-1.994,0.121,
233,-3.586,0.020,0.000,3.623,-1.994,0.121,
234,-3.582,0.020,0.000,3.621,-1.994,0.121,
235,-3.578,0.021,0.000,3.618,-1.994,0.120,
236,-3.574,0.021,0.000,3.614,-1.994,0.120,
237,-3.569,0.021,0.000,3.609,-1.994,0.120,
238,-3.565,0.022,0.000,3.603,-1.994,0.120,
239,-3.561,0.022,0.000,3.596,-1.994,0.120,
240,-3.556,0.022,0.000,3.588,-1.994,0.119,
241,-3.552,0.023,0.000,3.579,-1.994,0.119,
242,-3.548,0.023,0.000,3.569,-1.994,0.119,
243,-3.543,0.023,0.000,3.557,-1.994,0.118,
244,-3.538,0.024,0.000,3.546,-1.996,0.120,
245,-3.531,0.024,0.000,3.537,-1.994,0.117,
246,-3.524,0.025,0.000,3.528,-1.995,0.118,
247,-3.517,0.025,0.000,3.521,-1.994,0.117,
248,-3.510,0.025,0.000,3.514,-1.995,0.117,
249,-3.504,0.026,0.000,3.507,-1.992,0.115,
250,-3.499,0.026,0.000,3.499,-1.992,0.115,
251,-3.495,0.026,0.000,3.488,-1.996,0.118,
252,-3.491,0.027,0.000,3.478,-1.993,0.114,
253,-3.486,0.027,0.000,3.465,-1.995,0.116,
254,-3.482,0.027,0.000,3.452,-1.994,0.114,
255,-3.478,0.027,0.000,3.438,-1.995,0.115,
256,-3.474,0.028,0.000,3.423,-1.994,0.113,
257,-3.469,0.028,0.000,3.407,-1.995,0.113,
258,-3.465,0.028,0.000,3.389,-1.995,0.112,
259,-3.461,0.029,0.000,3.371,-1.995,0.112,
260,-3.457,0.029,0.000,3.352,-1.995,0.111,
261,-3.452,0.029,0.000,3.332,-1.995,0.111,
262,-3.448,0.029,0.000,3.311,-1.995,0.110,
263,-3.444,0.030,0.000,3.288,-1.995,0.109,
264,-3.440,0.030,0.000,3.265,-1.995,0.108,
265,-3.435,0.030,0.000,3.241,-1.995,0.107,
266,-3.431,0.030,0.000,3.217,-1.995,0.107,
267,-3.427,0.031,0.000,3.191,-1.995,0.106,
268,-3.423,0.031,0.000,3.164,-1.995,0.105,
269,-3.418,0.031,0.000,3.137,-1.995,0.104,
270,-3.414,0.031,0.000,3.108,-1.995,0.103,
271,-3.410,0.032,0.000,3.079,-1.995,0.102,
272,-3.405,0.032,0.000,3.049,-1.995,0.101,
273,-3.401,0.032,0.000,3.018,-1.995,0.100,
274,-3.397,0.033,0.000,2.987,-1.995,0.099,
275,-3.393,0.033,0.000,2.954,-1.995,0.097,
276,-3.388,0.033,0.000,2.921,-1.995,0.096,
277,-3.384,0.033,0.000,2.887,-1.996,0.095,
278,-3.380,0.033,0.000,2.853,-1.996,0.094,
279,-3.376,0.034,0.000,2.817,-1.996,0.093,
280,-3.371,0.034,0.000,2.781,-1.996,0.091,
281,-3.367,0.034,0.000,2.745,-1.996,0.090,
282,-3.363,0.034,0.000,2.707,-1.996,0.089,
283,-3.358,0.035,0.000,2.669,-1.996,0.087,
284,-3.354,0.035,0.000,2.631,-1.996,0.086,
285,-3.350,0.035,0.000,2.592,-1.996,0.085,
286,-3.346,0.035,0.000,2.552,-1.996,0.083,
287,-3.341,0.035,0.000,2.512,-1.996,0.082,
288,-3.337,0.036,0.000,2.471,-1.996,0.081,
289,-3.333,0.036,0.000,2.430,-1.996,0.079,
290,-3.328,0.036,0.000,2.388,-1.996,0.078,
291,-3.324,0.036,0.000,2.346,-1.996,0.076,
292,-3.320,0.036,0.000,2.303,-1.996,0.075,
293,-3.315,0.037,0.000,2.260,-1.996,0.073,
294,-3.311,0.037,0.000,2.217,-1.997,0.072,
295,-3.307,0.037,0.000,2.173,-1.997,0.070,
296,-3.303,0.037,0.000,2.129,-1.997,0.069,
297,-3.298,0.037,0.000,2.084,-1.997,0.067,
298,-3.294,0.038,0.000,2.039,-1.997,0.066,
299,-3.290,0.038,0.000,1.994,-1.997,0.064,
300,-3.285,0.038,0.000,1.949,-1.997,0.062,
301,-3.281,0.038,0.000,1.904,-1.997,0.061,
302,-3.277,0.038,0.000,1.858,-1.997,0.059,
303,-3.272,0.038,0.000,1.812,-1.997,0.058,
304,-3.268,0.039,0.000,1.766,-1.997,0.056,
305,-3.264,0.039,0.000,1.720,-1.997,0.054,
306,-3.260,0.039,0.000,1.673,-1.997,0.053,
307,-3.255,0.039,0.000,1.627,-1.997,0.051,
308,-3.251,0.039,0.000,1.580,-1.997,0.050,
309,-3.247,0.039,0.000,1.534,-1.997,0.048,
310,-3.242,0.039,0.000,1.487,-1.997,0.046,
311,-3.238,0.039,0.000,1.440,-1.997,0.045,
312,-3.234,0.040,0.000,1.394,-1.997,0.043,
313,-3.229,0.040,0.000,1.347,-1.997,0.041,
314,-3.225,0.040,0.000,1.301,-1.997,0.040,
315,-3.221,0.040,0.000,1.255,-1.997,0.038,
316,-3.216,0.040,0.000,1.208,-1.997,0.037,
317,-3.212,0.040,0.000,1.162,-1.997,0.035,
318,-3.208,0.040,0.000,1.116,-1.998,0.033,
319,-3.203,0.040,0.000,1.070,-1.998,0.032,
320,-3.199,0.040,0.000,1.025,-1.998,0.030,
321,-3.195,0.040,0.000,0.979,-1.998,0.029,
322,-3.190,0.041,0.000,0.934,-1.998,0.027,
323,-3.185,0.041,0.000,0.890,-1.999,0.027,
324,-3.179,0.041,0.000,0.848,-1.997,0.023,
325,-3.173,0.041,0.000,0.806,-1.996,0.022,
326,-3.168,0.041,0.000,0.764,-1.998,0.022,
327,-3.163,0.041,0.000,0.723,-1.997,0.019,
328,-3.159,0.041,0.000,0.681,-1.998,0.018,
329,-3.155,0.041,0.000,0.640,-1.997,0.016,
330,-3.150,0.041,0.000,0.599,-1.998,0.015,
331,-3.146,0.041,0.000,0.559,-1.998,0.014,
332,-3.142,0.041,0.000,0.518,-1.998,0.013,
333,-3.138,0.041,0.000,0.479,-1.998,0.011,
334,-3.133,0.041,0.000,0.439,-1.998,0.010,
335,-3.129,0.041,0.000,0.401,-1.998,0.008,
336,-3.125,0.041,0.000,0.362,-1.998,0.007,
337,-3.120,0.041,0.000,0.324,-1.998,0.006,
338,-3.116,0.041,0.000,0.286,-1.998,0.004,
339,-3.112,0.041,0.000,0.249,-1.998,0.003,
340,-3.107,0.042,0.000,0.212,-1.998,0.002,
341,-3.103,0.042,0.000,0.176,-1.998,0.001,
342,-3.099,0.042,0.000,0.140,-1.998,-0.001,
343,-3.095,0.042,0.000,0.105,-1.998,-0.002,
344,-3.090,0.042,0.000,0.070,-1.998,-0.003,
345,-3.086,0.042,0.000,0.035,-1.998,-0.004,
346,-3.082,0.042,0.000,0.001,-1.998,-0.006,
347,-3.077,0.042,0.000,-0.032,-1.998,-0.007,
348,-3.073,0.042,0.000,-0.065,-1.998,-0.008,
349,-3.069,0.042,0.000,-0.098,-1.998,-0.009,
350,-3.064,0.042,0.000,-0.130,-1.998,-0.010,
351,-3.060,0.042,0.000,-0.162,-1.998,-0.011,
352,-3.056,0.042,0.000,-0.193,-1.998,-0.012,
353,-3.051,0.041,0.000,-0.223,-1.998,-0.013,
354,-3.047,0.041,0.000,-0.253,-1.998,-0.014,
355,-3.043,0.041,0.000,-0.283,-1.998,-0.015,
356,-3.039,0.041,0.000,-0.312,-1.998,-0.016,
357,-3.034,0.041,0.000,-0.341,-1.998,-0.017,
358,-3.030,0.041,0.000,-0.369,-1.998,-0.018,
359,-3.026,0.041,0.000,-0.397,-1.998,-0.019,
360,-3.022,0.041,0.000,-0.424,-1.998,-0.020,
361,-3.017,0.041,0.000,-0.451,-1.998,-0.021,
362,-3.013,0.041,0.000,-0.477,-1.998,-0.022,
363,-3.009,0.041,0.000,-0.503,-1.998,-0.023,
364,-3.004,0.041,0.000,-0.528,-1.998,-0.024,
365,-3.000,0.041,0.000,-0.553,-1.998,-0.025,
366,-2.996,0.041,0.000,-0.578,-1.998,-0.026,
367,-2.991,0.041,0.000,-0.602,-1.998,-0.027,
368,-2.987,0.041,0.000,-0.625,-1.998,-0.027,
369,-2.983,0.041,0.000,-0.648,-1.998,-0.028,
370,-2.979,0.041,0.000,-0.671,-1.998,-0.029,
371,-2.974,0.041,0.000,-0.693,-1.998,-0.030,
372,-2.970,0.041,0.000,-0.714,-1.998,-0.030,
373,-2.966,0.041,0.000,-0.735,-1.998,-0.031,
374,-2.961,0.041,0.000,-0.756,-1.998,-0.032,
375,-2.957,0.041,0.000,-0.776,-1.998,-0.033,
376,-2.953,0.040,0.000,-0.796,-1.998,-0.033,
377,-2.948,0.040,0.000,-0.815,-1.998,-0.034,
378,-2.944,0.040,0.000,-0.834,-1.998,-0.035,
379,-2.940,0.040,0.000,-0.852,-1.997,-0.035,
380,-2.935,0.040,0.000,-0.870,-1.997,-0.036,
381,-2.931,0.040,0.000,-0.887,-1.997,-0.037,
382,-2.927,0.040,0.000,-0.904,-1.997,-0.037,
383,-2.923,0.040,0.000,-0.921,-1.997,-0.038,
384,-2.918,0.040,0.000,-0.937,-1.997,-0.038,
385,-2.914,0.040,0.000,-0.952,-1.997,-0.039,
386,-2.910,0.040,0.000,-0.967,-1.997,-0.039,
387,-2.905,0.040,0.000,-0.982,-1.997,-0.040,
388,-2.901,0.040,0.000,-0.996,-1.997,-0.040,
389,-2.897,0.039,0.000,-1.010,-1.997,-0.041,
390,-2.892,0.039,0.000,-1.023,-1.997,-0.041,
391,-2.888,0.039,0.000,-1.036,-1.997,-0.042,
392,-2.884,0.039,0.000,-1.048,-1.997,-0.042,
393,-2.880,0.039,0.000,-1.060,-1.997,-0.043,
394,-2.875,0.039,0.000,-1.071,-1.997,-0.043,
395,-2.871,0.039,0.000,-1.082,-1.997,-0.043,
396,-2.867,0.039,0.000,-1.092,-1.997,-0.044,
397,-2.862,0.039,0.000,-1.102,-1.997,-0.044,
398,-2.858,0.039,0.000,-1.111,-1.997,-0.044,
399,-2.854,0.039,0.000,-1.120,-1.997,-0.045,
400,-2.849,0.039,0.000,-1.129,-1.997,-0.045,
401,-2.845,0.038,0.000,-1.137,-1.997,-0.045,
402,-2.841,0.038,0.000,-1.144,-1.997,-0.045,
403,-2.837,0.038,0.000,-1.151,-1.997,-0.046,
404,-2.832,0.038,0.000,-1.158,-1.997,-0.046,
405,-2.828,0.038,0.000,-1.164,-1.997,-0.046,
406,-2.824,0.038,0.000,-1.170,-1.997,-0.046,
407,-2.819,0.038,0.000,-1.175,-1.997,-0.047,
408,-2.815,0.038,0.000,-1.179,-1.997,-0.047,
409,-2.811,0.038,0.000,-1.184,-1.997,-0.047,
410,-2.807,0.038,0.000,-1.187,-1.997,-0.047,
411,-2.802,0.037,0.000,-1.191,-1.997,-0.047,
412,-2.798,0.037,0.000,-1.193,-1.997,-0.047,
413,-2.794,0.037,0.000,-1.196,-1.997,-0.047,
414,-2.789,0.037,0.000,-1.198,-1.997,-0.047,
415,-2.785,0.037,0.000,-1.199,-1.997,-0.047,
416,-2.781,0.037,0.000,-1.200,-1.997,-0.047,
417,-2.776,0.037,0.000,-1.200,-1.997,-0.047,
418,-2.772,0.037,0.000,-1.200,-1.997,-0.047,
419,-2.768,0.037,0.000,-1.199,-1.997,-0.047,
420,-2.764,0.037,0.000,-1.198,-1.997,-0.047,
421,-2.759,0.036,0.000,-1.196,-1.997,-0.047,
422,-2.755,0.036,0.000,-1.194,-1.997,-0.047,
423,-2.751,0.036,0.000,-1.192,-1.997,-0.047,
424,-2.746,0.036,0.000,-1.189,-1.997,-0.047,
425,-2.742,0.036,0.000,-1.185,-1.997,-0.047,
426,-2.738,0.036,0.000,-1.181,-1.997,-0.047,
427,-2.733,0.036,0.000,-1.176,-1.997,-0.047,
428,-2.729,0.036,0.000,-1.171,-1.997,-0.046,
429,-2.725,0.036,0.000,-1.166,-1.997,-0.046,
430,-2.720,0.036,0.000,-1.160,-1.997,-0.046,
431,-2.716,0.036,0.000,-1.153,-1.997,-0.046,
432,-2.712,0.035,0.000,-1.146,-1.997,-0.046,
433,-2.708,0.035,0.000,-1.139,-1.997,-0.045,
434,-2.703,0.035,0.000,-1.131,-1.997,-0.045,
435,-2.699,0.035,0.000,-1.122,-1.997,-0.045,
436,-2.695,0.035,0.000,-1.113,-1.997,-0.044,
437,-2.690,0.035,0.000,-1.104,-1.997,-0.044,
438,-2.686,0.035,0.000,-1.094,-1.997,-0.044,
439,-2.682,0.035,0.000,-1.084,-1.997,-0.043,
440,-2.677,0.035,0.000,-1.073,-1.997,-0.043,
441,-2.673,0.035,0.000,-1.062,-1.997,-0.043,
442,-2.669,0.035,0.000,-1.050,-1.997,-0.042,
443,-2.664,0.034,0.000,-1.038,-1.997,-0.042,
444,-2.660,0.034,0.000,-1.025,-1.997,-0.041,
445,-2.656,0.034,0.000,-1.012,-1.997,-0.041,
446,-2.652,0.034,0.000,-0.998,-1.997,-0.040,
447,-2.647,0.034,0.000,-0.984,-1.997,-0.040,
448,-2.643,0.034,0.000,-0.970,-1.997,-0.039,
449,-2.639,0.034,0.000,-0.955,-1.997,-0.039,
450,-2.634,0.034,0.000,-0.940,-1.997,-0.038,
451,-2.630,0.034,0.000,-0.924,-1.997,-0.038,
452,-2.626,0.034,0.000,-0.907,-1.997,-0.037,
453,-2.621,0.034,0.000,-0.891,-1.997,-0.037,
454,-2.617,0.034,0.000,-0.874,-1.997,-0.036,
455,-2.613,0.033,0.000,-0.856,-1.997,-0.035,
456,-2.609,0.033,0.000,-0.838,-1.998,-0.035,
457,-2.604,0.033,0.000,-0.820,-1.998,-0.034,
458,-2.600,0.033,0.000,-0.801,-1.998,-0.033,
459,-2.596,0.033,0.000,-0.781,-1.998,-0.033,
460,-2.592,0.033,0.000,-0.762,-1.998,-0.032,
461,-2.587,0.033,0.000,-0.742,-1.998,-0.031,
462,-2.583,0.033,0.000,-0.721,-1.998,-0.031,
463,-2.579,0.033,0.000,-0.700,-1.998,-0.030,
464,-2.574,0.033,0.000,-0.679,-1.998,-0.029,
465,-2.570,0.033,0.000,-0.657,-1.998,-0.028,
466,-2.566,0.033,0.000,-0.635,-1.998,-0.028,
467,-2.561,0.033,0.000,-0.612,-1.998,-0.027,
468,-2.557,0.033,0.000,-0.590,-1.998,-0.026,
469,-2.553,0.033,0.000,-0.566,-1.998,-0.025,
470,-2.549,0.033,0.000,-0.543,-1.998,-0.024,
471,-2.544,0.033,0.000,-0.519,-1.998,-0.024,
472,-2.540,0.033,0.000,-0.494,-1.998,-0.023,
473,-2.536,0.033,0.000,-0.470,-1.998,-0.022,
474,-2.531,0.032,0.000,-0.444,-1.998,-0.021,
475,-2.527,0.032,0.000,-0.419,-1.998,-0.020,
476,-2.523,0.032,0.000,-0.393,-1.998,-0.019,
477,-2.518,0.032,0.000,-0.367,-1.998,-0.018,
478,-2.514,0.032,0.000,-0.341,-1.998,-0.017,
479,-2.510,0.032,0.000,-0.314,-1.998,-0.017,
480,-2.505,0.032,0.000,-0.287,-1.998,-0.016,
481,-2.501,0.032,0.000,-0.259,-1.998,-0.015,
482,-2.497,0.032,0.000,-0.232,-1.998,-0.014,
483,-2.493,0.032,0.000,-0.204,-1.998,-0.013,
484,-2.488,0.032,0.000,-0.175,-1.998,-0.012,
485,-2.484,0.032,0.000,-0.147,-1.998,-0.011,
486,-2.480,0.032,0.000,-0.118,-1.998,-0.010,
487,-2.475,0.032,0.000,-0.089,-1.998,-0.009,
488,-2.471,0.032,0.000,-0.059,-1.998,-0.008,
489,-2.467,0.032,0.000,-0.030,-1.998,-0.007,
490,-2.463,0.032,0.000,0.000,-1.998,-0.006,
491,-2.458,0.032,0.000,0.030,-1.998,-0.005,
492,-2.454,0.032,0.000,0.061,-1.998,-0.003,
493,-2.450,0.032,0.000,0.091,-1.998,-0.002,
494,-2.445,0.032,0.000,0.122,-1.998,-0.001,
495,-2.441,0.032,0.000,0.153,-1.998,-0.000,
496,-2.437,0.032,0.000,0.184,-1.998,0.001,
497,-2.433,0.032,0.000,0.216,-1.998,0.002,
498,-2.428,0.032,0.000,0.247,-1.998,0.003,
499,-2.424,0.032,0.000,0.279,-1.998,0.004,
500,-2.420,0.032,0.000,0.311,-1.998,0.005,
501,-2.415,0.032,0.000,0.343,-1.998,0.006,
502,-2.411,0.032,0.000,0.375,-1.998,0.007,
503,-2.407,0.032,0.000,0.407,-1.998,0.009,
504,-2.403,0.032,0.000,0.440,-1.998,0.010,
505,-2.398,0.032,0.000,0.472,-1.998,0.011,
506,-2.394,0.033,0.000,0.505,-1.998,0.012,
507,-2.390,0.033,0.000,0.537,-1.998,0.013,
508,-2.386,0.033,0.000,0.570,-1.998,0.014,
509,-2.381,0.033,0.000,0.603,-1.998,0.015,
510,-2.377,0.033,0.000,0.636,-1.998,0.017,
511,-2.373,0.033,0.000,0.669,-1.998,0.018,
512,-2.368,0.033,0.000,0.702,-1.998,0.019,
513,-2.364,0.033,0.000,0.734,-1.998,0.020,
514,-2.360,0.033,0.000,0.767,-1.998,0.021,
515,-2.356,0.033,0.000,0.800,-1.998,0.022,
516,-2.351,0.033,0.000,0.833,-1.998,0.023,
517,-2.347,0.033,0.000,0.866,-1.998,0.025,
518,-2.343,0.033,0.000,0.898,-1.998,0.026,
519,-2.338,0.033,0.000,0.931,-1.998,0.027,
520,-2.334,0.033,0.000,0.963,-1.998,0.028,
521,-2.330,0.033,0.000,0.996,-1.998,0.029,
522,-2.326,0.034,0.000,1.028,-1.998,0.030,
523,-2.321,0.034,0.000,1.060,-1.998,0.031,
524,-2.317,0.034,0.000,1.092,-1.998,0.033,
525,-2.313,0.034,0.000,1.124,-1.998,0.034,
526,-2.308,0.034,0.000,1.156,-1.998,0.035,
527,-2.304,0.034,0.000,1.187,-1.997,0.036,
528,-2.300,0.034,0.000,1.218,-1.997,0.037,
